Country,WHOREGION,FLUREGION,Year,Week,SDATE,EDATE,SPEC_RECEIVED_NB,SPEC_PROCESSED_NB,AH1,AH1N12009,AH3,AH5,ANOTSUBTYPED,INF_A,BYAMAGATA,BVICTORIA,BNOTDETERMINED,INF_B,ALL_INF,ALL_INF2,TITLE
Sweden,European Region of WHO,Northern Europe,2010,40,10/4/2010,10/10/2010,,134,0,0,0,,0,0,,,0,0,0,,No Activity
Sweden,European Region of WHO,Northern Europe,2010,41,10/11/2010,10/17/2010,,193,0,0,0,,0,0,,,0,0,0,,No Activity
Sweden,European Region of WHO,Northern Europe,2010,42,10/18/2010,10/24/2010,,202,0,0,0,,0,0,,,0,0,0,,No Activity
Sweden,European Region of WHO,Northern Europe,2010,43,10/25/2010,10/31/2010,,228,0,0,1,,0,1,0,0,0,0,1,,No Activity
Sweden,European Region of WHO,Northern Europe,2010,44,11/1/2010,11/7/2010,,205,0,0,1,,2,3,1,0,3,4,7,,No Activity
Sweden,European Region of WHO,Northern Europe,2010,45,11/8/2010,11/14/2010,,241,0,0,0,,0,0,0,2,1,3,3,,No Activity
Sweden,European Region of WHO,Northern Europe,2010,46,11/15/2010,11/21/2010,,252,0,0,0,,1,1,0,0,1,1,2,,No Activity
Sweden,European Region of WHO,Northern Europe,2010,47,11/22/2010,11/28/2010,,286,0,1,0,,0,1,0,0,3,3,4,,No Activity
Sweden,European Region of WHO,Northern Europe,2010,48,11/29/2010,12/5/2010,,334,0,5,3,,6,14,0,2,7,9,23,,Sporadic
Sweden,European Region of WHO,Northern Europe,2010,49,12/6/2010,12/12/2010,,338,0,6,1,,9,16,0,3,8,11,27,,Local Outbreak
Sweden,European Region of WHO,Northern Europe,2010,50,12/13/2010,12/19/2010,,462,0,13,0,,16,29,3,4,14,21,50,,Local Outbreak
Sweden,European Region of WHO,Northern Europe,2010,51,12/20/2010,12/26/2010,,523,0,24,7,,15,46,0,3,30,33,79,,Sporadic
Sweden,European Region of WHO,Northern Europe,2010,52,12/27/2010,1/2/2011,,995,0,67,12,,30,109,3,8,38,49,158,,Sporadic
Sweden,European Region of WHO,Northern Europe,2011,1,1/3/2011,1/9/2011,,1139,0,199,10,,59,268,2,15,69,86,354,,Widespread Outbreak
Sweden,European Region of WHO,Northern Europe,2011,2,1/10/2011,1/16/2011,,1147,0,186,9,,26,221,1,13,77,91,312,,Widespread Outbreak
Sweden,European Region of WHO,Northern Europe,2011,3,1/17/2011,1/23/2011,,1140,0,155,8,,47,210,1,14,92,107,317,,Widespread Outbreak
Sweden,European Region of WHO,Northern Europe,2011,4,1/24/2011,1/30/2011,,1069,0,142,8,,36,186,1,21,122,144,330,,Widespread Outbreak
Sweden,European Region of WHO,Northern Europe,2011,5,1/31/2011,2/6/2011,,1159,0,99,14,,70,183,0,25,197,222,405,,Widespread Outbreak
Sweden,European Region of WHO,Northern Europe,2011,6,2/7/2011,2/13/2011,,1117,0,92,0,,57,149,1,49,178,228,377,,Widespread Outbreak
Sweden,European Region of WHO,Northern Europe,2011,7,2/14/2011,2/20/2011,,1026,0,54,3,,32,89,1,22,156,179,268,,Widespread Outbreak
Sweden,European Region of WHO,Northern Europe,2011,8,2/21/2011,2/27/2011,,968,0,40,7,,26,73,0,19,163,182,255,,Widespread Outbreak
Sweden,European Region of WHO,Northern Europe,2011,9,2/28/2011,3/6/2011,,956,0,29,13,,51,93,3,14,181,198,291,,Widespread Outbreak
Sweden,European Region of WHO,Northern Europe,2011,10,3/7/2011,3/13/2011,,999,0,27,10,,41,78,0,9,137,146,224,,Widespread Outbreak
Sweden,European Region of WHO,Northern Europe,2011,11,3/14/2011,3/20/2011,,905,0,21,8,,28,57,0,9,102,111,168,,Widespread Outbreak
Sweden,European Region of WHO,Northern Europe,2011,12,3/21/2011,3/27/2011,,686,0,12,11,,28,51,2,3,57,62,113,,Regional Outbreak
Sweden,European Region of WHO,Northern Europe,2011,13,3/28/2011,4/3/2011,,660,0,19,1,,17,37,1,3,41,45,82,,Regional Outbreak
Sweden,European Region of WHO,Northern Europe,2011,14,4/4/2011,4/10/2011,,617,0,5,9,,18,32,0,2,24,26,58,,Regional Outbreak
Sweden,European Region of WHO,Northern Europe,2011,15,4/11/2011,4/17/2011,,485,0,4,4,,7,15,0,2,19,21,36,,Sporadic
Sweden,European Region of WHO,Northern Europe,2011,16,4/18/2011,4/24/2011,,410,0,3,2,,5,10,0,0,10,10,20,,Sporadic
Sweden,European Region of WHO,Northern Europe,2011,17,4/25/2011,5/1/2011,,338,0,1,0,,3,4,0,0,3,3,7,,Sporadic
Sweden,European Region of WHO,Northern Europe,2011,18,5/2/2011,5/8/2011,,234,0,2,0,,4,6,0,0,0,0,6,,Sporadic
Sweden,European Region of WHO,Northern Europe,2011,19,5/9/2011,5/15/2011,,230,0,0,1,,1,2,0,0,4,4,6,,Sporadic
Sweden,European Region of WHO,Northern Europe,2011,20,5/16/2011,5/22/2011,,197,0,1,0,,0,1,0,0,0,0,1,,No Activity
Sweden,European Region of WHO,Northern Europe,2011,21,5/23/2011,5/29/2011,,0,0,0,0,,0,0,0,0,0,0,0,,No Report
Sweden,European Region of WHO,Northern Europe,2011,22,5/30/2011,6/5/2011,,4,0,0,2,,0,2,0,0,0,0,2,,No Report
Sweden,European Region of WHO,Northern Europe,2011,23,6/6/2011,6/12/2011,,2,0,0,0,,0,0,0,0,0,0,0,,No Report
Sweden,European Region of WHO,Northern Europe,2011,24,6/13/2011,6/19/2011,,0,0,0,0,,0,0,0,0,0,0,0,,No Report
Sweden,European Region of WHO,Northern Europe,2011,25,6/20/2011,6/26/2011,,0,0,0,0,,0,0,0,0,0,0,0,,No Report
Sweden,European Region of WHO,Northern Europe,2011,26,6/27/2011,7/3/2011,,0,0,0,0,,0,0,0,0,0,0,0,,No Report
Sweden,European Region of WHO,Northern Europe,2011,27,7/4/2011,7/10/2011,,2,0,0,0,,0,0,0,0,0,0,0,,No Report
Sweden,European Region of WHO,Northern Europe,2011,28,7/11/2011,7/17/2011,,0,0,0,1,,0,1,0,0,0,0,1,,No Report
Sweden,European Region of WHO,Northern Europe,2011,29,7/18/2011,7/24/2011,,5,0,0,1,,0,1,0,1,0,1,2,,No Report
Sweden,European Region of WHO,Northern Europe,2011,30,7/25/2011,7/31/2011,,0,0,0,0,,0,0,0,0,0,0,0,,No Report
Sweden,European Region of WHO,Northern Europe,2011,31,8/1/2011,8/7/2011,,2,0,0,0,,0,0,0,1,0,1,1,,No Report
Sweden,European Region of WHO,Northern Europe,2011,32,8/8/2011,8/14/2011,,0,0,0,0,,0,0,0,0,0,0,0,,No Report
Sweden,European Region of WHO,Northern Europe,2011,33,8/15/2011,8/21/2011,,0,0,0,1,,0,1,0,0,0,0,1,,No Report
Sweden,European Region of WHO,Northern Europe,2011,34,8/22/2011,8/28/2011,,1,0,0,0,,0,0,0,0,0,0,0,,No Report
Sweden,European Region of WHO,Northern Europe,2011,35,8/29/2011,9/4/2011,,2,0,0,1,,0,1,0,0,0,0,1,,No Report
Sweden,European Region of WHO,Northern Europe,2011,36,9/5/2011,9/11/2011,,0,0,0,2,,0,2,0,0,0,0,2,,No Report
Sweden,European Region of WHO,Northern Europe,2011,37,9/12/2011,9/18/2011,,0,0,0,0,,0,0,0,0,0,0,0,,No Report
Sweden,European Region of WHO,Northern Europe,2011,38,9/19/2011,9/25/2011,,,,,,,,,,,,,,,No Report
Sweden,European Region of WHO,Northern Europe,2011,39,9/26/2011,10/2/2011,,,,,,,,,,,,,,,No Report
Sweden,European Region of WHO,Northern Europe,2011,40,10/3/2011,10/9/2011,,238,0,0,1,,0,1,0,0,0,0,1,,No Activity
Sweden,European Region of WHO,Northern Europe,2011,41,10/10/2011,10/16/2011,,293,0,0,0,,0,0,0,0,0,0,0,,Sporadic
Sweden,European Region of WHO,Northern Europe,2011,42,10/17/2011,10/23/2011,,345,0,1,0,,0,1,0,0,2,2,3,,Sporadic
Sweden,European Region of WHO,Northern Europe,2011,43,10/24/2011,10/30/2011,,347,0,0,1,,0,1,0,0,2,2,3,,Sporadic
Sweden,European Region of WHO,Northern Europe,2011,44,10/31/2011,11/6/2011,,409,0,0,1,,0,1,0,0,0,0,1,,Sporadic
Sweden,European Region of WHO,Northern Europe,2011,45,11/7/2011,11/13/2011,,426,0,1,0,,0,1,0,0,0,0,1,,Sporadic
Sweden,European Region of WHO,Northern Europe,2011,46,11/14/2011,11/20/2011,,430,0,0,3,,0,3,1,0,0,1,4,,Sporadic
Sweden,European Region of WHO,Northern Europe,2011,47,11/21/2011,11/27/2011,,446,0,1,4,,1,6,1,0,1,2,8,,Sporadic
Sweden,European Region of WHO,Northern Europe,2011,48,11/28/2011,12/4/2011,,505,0,1,4,,2,7,0,0,0,0,7,,Sporadic
Sweden,European Region of WHO,Northern Europe,2011,49,12/5/2011,12/11/2011,,470,0,1,5,,5,11,0,0,0,0,11,,Sporadic
Sweden,European Region of WHO,Northern Europe,2011,50,12/12/2011,12/18/2011,,488,0,1,9,,5,15,0,0,3,3,18,,Sporadic
Sweden,European Region of WHO,Northern Europe,2011,51,12/19/2011,12/25/2011,,513,0,10,9,,9,28,0,0,0,0,28,,Sporadic
Sweden,European Region of WHO,Northern Europe,2011,52,12/26/2011,1/1/2012,,507,0,1,23,,13,37,0,1,1,2,39,,Sporadic
Sweden,European Region of WHO,Northern Europe,2012,1,1/2/2012,1/8/2012,,524,0,8,2,,18,28,1,0,0,1,29,,Regional Outbreak
Sweden,European Region of WHO,Northern Europe,2012,2,1/9/2012,1/15/2012,,651,0,10,14,,5,29,0,1,3,4,33,,Sporadic
Sweden,European Region of WHO,Northern Europe,2012,3,1/16/2012,1/22/2012,,579,0,6,11,,34,51,0,0,1,1,52,,Sporadic
Sweden,European Region of WHO,Northern Europe,2012,4,1/23/2012,1/29/2012,,564,0,11,17,,46,74,0,0,3,3,77,,Sporadic
Sweden,European Region of WHO,Northern Europe,2012,5,1/30/2012,2/5/2012,,754,0,7,79,,49,135,2,0,2,4,139,,Sporadic
Sweden,European Region of WHO,Northern Europe,2012,6,2/6/2012,2/12/2012,,881,0,4,97,,122,223,0,2,9,11,234,,Sporadic
Sweden,European Region of WHO,Northern Europe,2012,7,2/13/2012,2/19/2012,,1190,0,6,136,,339,481,3,0,4,7,488,,Sporadic
Sweden,European Region of WHO,Northern Europe,2012,8,2/20/2012,2/26/2012,,1581,0,15,193,,463,671,4,4,8,16,687,,Widespread Outbreak
Sweden,European Region of WHO,Northern Europe,2012,9,2/27/2012,3/4/2012,,2152,0,15,199,,639,853,0,0,9,9,862,,Widespread Outbreak
Sweden,European Region of WHO,Northern Europe,2012,10,3/5/2012,3/11/2012,,1932,0,15,151,,528,694,1,0,11,12,706,,Widespread Outbreak
Sweden,European Region of WHO,Northern Europe,2012,11,3/12/2012,3/18/2012,,1757,0,10,117,,501,628,1,2,11,14,642,,Widespread Outbreak
Sweden,European Region of WHO,Northern Europe,2012,12,3/19/2012,3/25/2012,,1368,0,15,72,,340,427,1,1,6,8,435,,Widespread Outbreak
Sweden,European Region of WHO,Northern Europe,2012,13,3/26/2012,4/1/2012,,1023,0,9,51,,155,215,0,0,7,7,222,,Widespread Outbreak
Sweden,European Region of WHO,Northern Europe,2012,14,4/2/2012,4/8/2012,,814,0,7,28,,83,118,3,3,3,9,127,,Widespread Outbreak
Sweden,European Region of WHO,Northern Europe,2012,15,4/9/2012,4/15/2012,,711,0,5,30,,62,97,0,1,9,10,107,,Widespread Outbreak
Sweden,European Region of WHO,Northern Europe,2012,16,4/16/2012,4/22/2012,,562,0,2,11,,41,54,1,0,8,9,63,,Widespread Outbreak
Sweden,European Region of WHO,Northern Europe,2012,17,4/23/2012,4/29/2012,,458,0,0,7,,34,41,0,0,7,7,48,,Regional Outbreak
Sweden,European Region of WHO,Northern Europe,2012,18,4/30/2012,5/6/2012,,365,0,1,5,,15,21,0,0,7,7,28,,Sporadic
Sweden,European Region of WHO,Northern Europe,2012,19,5/7/2012,5/13/2012,,358,0,1,4,,9,14,0,0,4,4,18,,Sporadic
Sweden,European Region of WHO,Northern Europe,2012,20,5/14/2012,5/20/2012,,236,0,0,0,,4,4,0,0,4,4,8,,Sporadic
Sweden,European Region of WHO,Northern Europe,2012,21,5/21/2012,5/27/2012,,0,0,0,0,,10,10,0,0,2,2,12,,No Report
Sweden,European Region of WHO,Northern Europe,2012,22,5/28/2012,6/3/2012,,0,0,0,0,,0,0,0,0,1,1,1,,No Report
Sweden,European Region of WHO,Northern Europe,2012,23,6/4/2012,6/10/2012,,0,0,0,0,,0,0,0,0,0,0,0,,No Report
Sweden,European Region of WHO,Northern Europe,2012,24,6/11/2012,6/17/2012,,0,0,0,0,,0,0,0,0,0,0,0,,No Report
Sweden,European Region of WHO,Northern Europe,2012,25,6/18/2012,6/24/2012,,0,0,0,0,,0,0,0,0,0,0,0,,No Report
Sweden,European Region of WHO,Northern Europe,2012,26,6/25/2012,7/1/2012,,0,0,0,2,,0,2,0,0,0,0,2,,No Report
Sweden,European Region of WHO,Northern Europe,2012,27,7/2/2012,7/8/2012,,0,0,1,0,,0,1,0,0,1,1,2,,No Report
Sweden,European Region of WHO,Northern Europe,2012,28,7/9/2012,7/15/2012,,0,0,0,1,,0,1,0,0,1,1,2,,No Report
Sweden,European Region of WHO,Northern Europe,2012,29,7/16/2012,7/22/2012,,0,0,0,0,,1,1,0,0,0,0,1,,No Report
Sweden,European Region of WHO,Northern Europe,2012,30,7/23/2012,7/29/2012,,0,0,0,1,,2,3,0,0,1,1,4,,No Report
Sweden,European Region of WHO,Northern Europe,2012,31,7/30/2012,8/5/2012,,0,0,0,0,,0,0,0,0,1,1,1,,No Report
Sweden,European Region of WHO,Northern Europe,2012,32,8/6/2012,8/12/2012,,0,0,0,1,,0,1,0,0,1,1,2,,No Report
Sweden,European Region of WHO,Northern Europe,2012,33,8/13/2012,8/19/2012,,0,0,1,0,,0,1,0,0,0,0,1,,No Report
Sweden,European Region of WHO,Northern Europe,2012,34,8/20/2012,8/26/2012,,0,0,0,0,,0,0,0,0,0,0,0,,No Report
Sweden,European Region of WHO,Northern Europe,2012,35,8/27/2012,9/2/2012,,0,0,0,0,,0,0,0,0,0,0,0,,No Report
Sweden,European Region of WHO,Northern Europe,2012,36,9/3/2012,9/9/2012,,0,0,0,0,,0,0,0,0,0,0,0,,No Report
Sweden,European Region of WHO,Northern Europe,2012,37,9/10/2012,9/16/2012,,0,0,1,0,,0,1,0,0,2,2,3,,No Report
Sweden,European Region of WHO,Northern Europe,2012,38,9/17/2012,9/23/2012,,0,0,0,0,,0,0,0,0,0,0,0,,No Report
Sweden,European Region of WHO,Northern Europe,2012,39,9/24/2012,9/30/2012,,0,0,0,1,,0,1,0,0,0,0,1,,No Report
Sweden,European Region of WHO,Northern Europe,2012,40,10/1/2012,10/7/2012,,229,0,0,1,,0,1,0,0,0,0,1,,No Activity
Sweden,European Region of WHO,Northern Europe,2012,41,10/8/2012,10/14/2012,,241,0,0,2,,0,2,0,0,0,0,2,,No Activity
Sweden,European Region of WHO,Northern Europe,2012,42,10/15/2012,10/21/2012,,296,0,0,4,,0,4,0,0,0,0,4,,Sporadic
Sweden,European Region of WHO,Northern Europe,2012,43,10/22/2012,10/28/2012,,266,0,1,1,,1,3,0,0,0,0,3,,Sporadic
Sweden,European Region of WHO,Northern Europe,2012,44,10/29/2012,11/4/2012,,383,0,2,1,,3,6,2,0,0,2,8,,Sporadic
Sweden,European Region of WHO,Northern Europe,2012,45,11/5/2012,11/11/2012,,360,0,2,2,,1,5,0,0,4,4,9,,Sporadic
Sweden,European Region of WHO,Northern Europe,2012,46,11/12/2012,11/18/2012,,436,0,1,4,,3,8,2,1,2,5,13,,Sporadic
Sweden,European Region of WHO,Northern Europe,2012,47,11/19/2012,11/25/2012,,428,0,0,0,,3,3,0,1,3,4,7,,Sporadic
Sweden,European Region of WHO,Northern Europe,2012,48,11/26/2012,12/2/2012,,412,0,4,3,,6,13,2,0,3,5,18,,Sporadic
Sweden,European Region of WHO,Northern Europe,2012,49,12/3/2012,12/9/2012,,525,0,5,4,,17,26,2,0,6,8,34,,Sporadic
Sweden,European Region of WHO,Northern Europe,2012,50,12/10/2012,12/16/2012,,565,0,9,12,,16,37,2,0,5,7,44,,Widespread Outbreak
Sweden,European Region of WHO,Northern Europe,2012,51,12/17/2012,12/23/2012,,824,0,41,20,,33,94,5,0,15,20,114,,Widespread Outbreak
Sweden,European Region of WHO,Northern Europe,2012,52,12/24/2012,12/30/2012,,684,0,56,14,,100,170,6,0,26,32,202,,Widespread Outbreak
Sweden,European Region of WHO,Northern Europe,2013,1,12/31/2012,1/6/2013,,1014,0,104,22,,101,227,6,0,34,40,267,,Widespread Outbreak
Sweden,European Region of WHO,Northern Europe,2013,2,1/7/2013,1/13/2013,,1354,0,147,38,,98,283,11,0,49,60,343,,Widespread Outbreak
Sweden,European Region of WHO,Northern Europe,2013,3,1/14/2013,1/20/2013,,1422,0,196,35,,115,346,4,0,44,48,394,,Widespread Outbreak
Sweden,European Region of WHO,Northern Europe,2013,4,1/21/2013,1/27/2013,,1585,0,247,32,,141,420,7,0,67,74,494,,Widespread Outbreak
Sweden,European Region of WHO,Northern Europe,2013,5,1/28/2013,2/3/2013,,2022,0,309,64,,225,598,12,0,121,133,731,,Widespread Outbreak
Sweden,European Region of WHO,Northern Europe,2013,6,2/4/2013,2/10/2013,,2362,0,388,54,,274,716,19,3,157,179,895,,Widespread Outbreak
Sweden,European Region of WHO,Northern Europe,2013,7,2/11/2013,2/17/2013,,2512,0,347,69,,253,669,19,3,214,236,905,,Widespread Outbreak
Sweden,European Region of WHO,Northern Europe,2013,8,2/18/2013,2/24/2013,,2275,0,242,49,,249,540,11,1,258,270,810,,Widespread Outbreak
Sweden,European Region of WHO,Northern Europe,2013,9,2/25/2013,3/3/2013,,2065,0,168,55,,194,417,19,1,251,271,688,,Widespread Outbreak
Sweden,European Region of WHO,Northern Europe,2013,10,3/4/2013,3/10/2013,,1778,0,104,32,,142,278,11,0,229,240,518,,Widespread Outbreak
Sweden,European Region of WHO,Northern Europe,2013,11,3/11/2013,3/17/2013,,1556,0,70,32,,110,212,19,2,253,274,486,,Widespread Outbreak
Sweden,European Region of WHO,Northern Europe,2013,12,3/18/2013,3/24/2013,,1337,0,65,29,,99,193,4,2,229,235,428,,Widespread Outbreak
Sweden,European Region of WHO,Northern Europe,2013,13,3/25/2013,3/31/2013,,1224,0,33,19,,78,130,14,2,224,240,370,,Widespread Outbreak
Sweden,European Region of WHO,Northern Europe,2013,14,4/1/2013,4/7/2013,,1138,0,31,17,,66,114,3,0,207,210,324,,Widespread Outbreak
Sweden,European Region of WHO,Northern Europe,2013,15,4/8/2013,4/14/2013,,1101,0,21,9,,45,75,7,0,194,201,276,,Regional Outbreak
Sweden,European Region of WHO,Northern Europe,2013,16,4/15/2013,4/21/2013,,932,0,10,10,,34,54,0,1,109,110,164,,Regional Outbreak
Sweden,European Region of WHO,Northern Europe,2013,17,4/22/2013,4/28/2013,,682,0,4,3,,15,22,0,0,56,56,78,,Regional Outbreak
Sweden,European Region of WHO,Northern Europe,2013,18,4/29/2013,5/5/2013,,513,0,4,1,,7,12,1,0,37,38,50,,Sporadic
Sweden,European Region of WHO,Northern Europe,2013,19,5/6/2013,5/12/2013,,427,0,1,2,,6,9,0,0,15,15,24,,No Activity
Sweden,European Region of WHO,Northern Europe,2013,20,5/13/2013,5/19/2013,,431,0,0,0,,5,5,0,0,9,9,14,,Sporadic
Sweden,European Region of WHO,Northern Europe,2013,21,5/20/2013,5/26/2013,,0,0,0,0,,0,0,0,0,5,5,5,,No Report
Sweden,European Region of WHO,Northern Europe,2013,22,5/27/2013,6/2/2013,,0,0,0,0,,1,1,0,0,0,0,1,,No Report
Sweden,European Region of WHO,Northern Europe,2013,23,6/3/2013,6/9/2013,,0,0,1,0,,0,1,0,0,0,0,1,,No Report
Sweden,European Region of WHO,Northern Europe,2013,24,6/10/2013,6/16/2013,,0,0,0,0,,0,0,0,0,0,0,0,,No Report
Sweden,European Region of WHO,Northern Europe,2013,25,6/17/2013,6/23/2013,,0,0,0,0,,0,0,0,0,0,0,0,,No Report
Sweden,European Region of WHO,Northern Europe,2013,26,6/24/2013,6/30/2013,,0,0,0,0,,2,2,0,0,0,0,2,,No Report
Sweden,European Region of WHO,Northern Europe,2013,27,7/1/2013,7/7/2013,,0,0,2,0,,0,2,0,0,0,0,2,,No Report
Sweden,European Region of WHO,Northern Europe,2013,28,7/8/2013,7/14/2013,,0,0,1,0,,0,1,0,0,0,0,1,,No Report
Sweden,European Region of WHO,Northern Europe,2013,29,7/15/2013,7/21/2013,,0,0,1,0,,0,1,0,0,0,0,1,,No Report
Sweden,European Region of WHO,Northern Europe,2013,30,7/22/2013,7/28/2013,,0,0,1,0,,0,1,0,0,0,0,1,,No Report
Sweden,European Region of WHO,Northern Europe,2013,31,7/29/2013,8/4/2013,,0,0,1,0,,1,2,0,0,0,0,2,,No Report
Sweden,European Region of WHO,Northern Europe,2013,32,8/5/2013,8/11/2013,,0,0,0,0,,1,1,0,0,0,0,1,,No Report
Sweden,European Region of WHO,Northern Europe,2013,33,8/12/2013,8/18/2013,,0,0,0,0,,0,0,0,0,0,0,0,,No Report
Sweden,European Region of WHO,Northern Europe,2013,34,8/19/2013,8/25/2013,,0,0,0,0,,1,1,0,0,0,0,1,,No Report
Sweden,European Region of WHO,Northern Europe,2013,35,8/26/2013,9/1/2013,,0,0,0,0,,0,0,0,0,0,0,0,,No Report
Sweden,European Region of WHO,Northern Europe,2013,36,9/2/2013,9/8/2013,,0,0,0,0,,2,2,0,0,0,0,2,,No Report
Sweden,European Region of WHO,Northern Europe,2013,37,9/9/2013,9/15/2013,,0,0,0,0,,0,0,0,0,0,0,0,,No Report
Sweden,European Region of WHO,Northern Europe,2013,38,9/16/2013,9/22/2013,,0,0,0,0,,0,0,0,0,0,0,0,,No Report
Sweden,European Region of WHO,Northern Europe,2013,39,9/23/2013,9/29/2013,,0,0,0,0,,0,0,0,0,1,1,1,,No Report
Sweden,European Region of WHO,Northern Europe,2013,40,9/30/2013,10/6/2013,,250,0,2,0,,1,3,0,0,0,0,3,,No Activity
Sweden,European Region of WHO,Northern Europe,2013,41,10/7/2013,10/13/2013,,301,0,1,0,,0,1,0,0,0,0,1,,No Activity
Sweden,European Region of WHO,Northern Europe,2013,42,10/14/2013,10/20/2013,,312,0,3,0,,0,3,0,0,0,0,3,,No Activity
Sweden,European Region of WHO,Northern Europe,2013,43,10/21/2013,10/27/2013,,367,0,3,0,,0,3,0,0,0,0,3,,Sporadic
Sweden,European Region of WHO,Northern Europe,2013,44,10/28/2013,11/3/2013,,345,0,3,1,,1,5,0,0,1,1,6,,Sporadic
Sweden,European Region of WHO,Northern Europe,2013,45,11/4/2013,11/10/2013,,371,0,7,1,,1,9,0,0,0,0,9,,Sporadic
Sweden,European Region of WHO,Northern Europe,2013,46,11/11/2013,11/17/2013,,426,0,5,0,,5,10,0,0,1,1,11,,Sporadic
Sweden,European Region of WHO,Northern Europe,2013,47,11/18/2013,11/24/2013,,427,0,1,0,,0,1,1,0,0,1,2,,Sporadic
Sweden,European Region of WHO,Northern Europe,2013,48,11/25/2013,12/1/2013,,445,0,8,2,,4,14,0,0,1,1,15,,Sporadic
Sweden,European Region of WHO,Northern Europe,2013,49,12/2/2013,12/8/2013,,498,0,8,3,,1,12,1,0,1,2,14,,Sporadic
Sweden,European Region of WHO,Northern Europe,2013,50,12/9/2013,12/15/2013,,551,0,35,4,,3,42,0,0,1,1,43,,Sporadic
Sweden,European Region of WHO,Northern Europe,2013,51,12/16/2013,12/22/2013,,752,0,70,3,,14,87,4,2,0,6,93,,Local Outbreak
Sweden,European Region of WHO,Northern Europe,2013,52,12/23/2013,12/29/2013,,508,0,53,4,,10,67,2,0,2,4,71,,Local Outbreak
Sweden,European Region of WHO,Northern Europe,2014,1,12/30/2013,1/5/2014,,697,0,75,3,,10,88,1,0,4,5,93,,Local Outbreak
Sweden,European Region of WHO,Northern Europe,2014,2,1/6/2014,1/12/2014,,672,0,70,5,,10,85,0,0,2,2,87,,Local Outbreak
Sweden,European Region of WHO,Northern Europe,2014,3,1/13/2014,1/19/2014,,826,0,58,3,,10,71,0,0,4,4,75,,Local Outbreak
Sweden,European Region of WHO,Northern Europe,2014,4,1/20/2014,1/26/2014,,833,0,85,4,,18,107,0,0,6,6,113,,Local Outbreak
Sweden,European Region of WHO,Northern Europe,2014,5,1/27/2014,2/2/2014,,909,0,129,5,,22,156,0,0,6,6,162,,Regional Outbreak
Sweden,European Region of WHO,Northern Europe,2014,6,2/3/2014,2/9/2014,,1131,0,193,20,,34,247,0,0,12,12,259,,Regional Outbreak
Sweden,European Region of WHO,Northern Europe,2014,7,2/10/2014,2/16/2014,,1397,0,222,35,,42,299,3,0,10,13,312,,Widespread Outbreak
Sweden,European Region of WHO,Northern Europe,2014,8,2/17/2014,2/23/2014,,1539,0,241,36,,33,310,2,1,16,19,329,,Widespread Outbreak
Sweden,European Region of WHO,Northern Europe,2014,9,2/24/2014,3/2/2014,,1505,0,168,17,,47,232,0,1,9,10,242,,Widespread Outbreak
Sweden,European Region of WHO,Northern Europe,2014,10,3/3/2014,3/9/2014,,1333,0,145,17,,31,193,3,0,8,11,204,,Widespread Outbreak
Sweden,European Region of WHO,Northern Europe,2014,11,3/10/2014,3/16/2014,,1126,0,88,9,,28,125,0,0,13,13,138,,Widespread Outbreak
Sweden,European Region of WHO,Northern Europe,2014,12,3/17/2014,3/23/2014,,1022,0,61,6,,24,91,2,0,11,13,104,,Regional Outbreak
Sweden,European Region of WHO,Northern Europe,2014,13,3/24/2014,3/30/2014,,889,0,45,4,,17,66,0,0,18,18,84,,Regional Outbreak
Sweden,European Region of WHO,Northern Europe,2014,14,3/31/2014,4/6/2014,,791,0,37,3,,24,64,3,0,14,17,81,,Sporadic
Sweden,European Region of WHO,Northern Europe,2014,15,4/7/2014,4/13/2014,,767,0,25,3,,36,64,2,0,21,23,87,,Sporadic
Sweden,European Region of WHO,Northern Europe,2014,16,4/14/2014,4/20/2014,,638,0,15,3,,17,35,0,0,18,18,53,,Sporadic
Sweden,European Region of WHO,Northern Europe,2014,17,4/21/2014,4/27/2014,,541,0,11,2,,13,26,1,0,17,18,44,,Sporadic
Sweden,European Region of WHO,Northern Europe,2014,18,4/28/2014,5/4/2014,,487,0,1,3,,9,13,0,0,4,4,17,,No Activity
Sweden,European Region of WHO,Northern Europe,2014,19,5/5/2014,5/11/2014,,406,0,4,4,,5,13,1,0,6,7,20,,No Activity
Sweden,European Region of WHO,Northern Europe,2014,20,5/12/2014,5/18/2014,,402,0,1,0,,3,4,0,0,3,3,7,,No Activity
Sweden,European Region of WHO,Northern Europe,2014,21,5/19/2014,5/25/2014,,,,,,,,,,,,,,,No Report
Sweden,European Region of WHO,Northern Europe,2014,22,5/26/2014,6/1/2014,,,,,,,,,,,,,,,No Report
Sweden,European Region of WHO,Northern Europe,2014,23,6/2/2014,6/8/2014,,,,,,,,,,,,,,,No Report
Sweden,European Region of WHO,Northern Europe,2014,24,6/9/2014,6/15/2014,,,,,,,,,,,,,,,No Report
Sweden,European Region of WHO,Northern Europe,2014,25,6/16/2014,6/22/2014,,,,,,,,,,,,,,,No Report
Sweden,European Region of WHO,Northern Europe,2014,26,6/23/2014,6/29/2014,,,,,,,,,,,,,,,No Report
Sweden,European Region of WHO,Northern Europe,2014,27,6/30/2014,7/6/2014,,,,,,,,,,,,,,,No Report
Sweden,European Region of WHO,Northern Europe,2014,28,7/7/2014,7/13/2014,,,,,,,,,,,,,,,No Report
Sweden,European Region of WHO,Northern Europe,2014,29,7/14/2014,7/20/2014,,,,,,,,,,,,,,,No Report
Sweden,European Region of WHO,Northern Europe,2014,30,7/21/2014,7/27/2014,,,,,,,,,,,,,,,No Report
Sweden,European Region of WHO,Northern Europe,2014,31,7/28/2014,8/3/2014,,,,,,,,,,,,,,,No Report
Sweden,European Region of WHO,Northern Europe,2014,32,8/4/2014,8/10/2014,,,,,,,,,,,,,,,No Report
Sweden,European Region of WHO,Northern Europe,2014,33,8/11/2014,8/17/2014,,,,,,,,,,,,,,,No Report
Sweden,European Region of WHO,Northern Europe,2014,34,8/18/2014,8/24/2014,,,,,,,,,,,,,,,No Report
Sweden,European Region of WHO,Northern Europe,2014,35,8/25/2014,8/31/2014,,,,,,,,,,,,,,,No Report
Sweden,European Region of WHO,Northern Europe,2014,36,9/1/2014,9/7/2014,,,,,,,,,,,,,,,No Report
Sweden,European Region of WHO,Northern Europe,2014,37,9/8/2014,9/14/2014,,,,,,,,,,,,,,,No Report
Sweden,European Region of WHO,Northern Europe,2014,38,9/15/2014,9/21/2014,,,,,,,,,,,,,,,No Report
Sweden,European Region of WHO,Northern Europe,2014,39,9/22/2014,9/28/2014,,363,,0,0,,0,0,0,0,0,0,0,,No Report
Sweden,European Region of WHO,Northern Europe,2014,40,9/29/2014,10/5/2014,,363,0,0,0,,0,0,0,0,0,0,0,,No Report
Sweden,European Region of WHO,Northern Europe,2014,41,10/6/2014,10/12/2014,,385,0,0,0,,1,1,0,0,0,0,1,,No Report
Sweden,European Region of WHO,Northern Europe,2014,42,10/13/2014,10/19/2014,,411,0,0,2,,0,2,0,0,0,0,2,,No Report
Sweden,European Region of WHO,Northern Europe,2014,43,10/20/2014,10/26/2014,,499,0,2,1,,0,3,0,0,5,5,8,,No Report
Sweden,European Region of WHO,Northern Europe,2014,44,10/27/2014,11/2/2014,,452,0,0,1,,0,1,0,0,1,1,2,,No Report
Sweden,European Region of WHO,Northern Europe,2014,45,11/3/2014,11/9/2014,,564,0,1,2,,3,6,0,0,3,3,9,,No Report
Sweden,European Region of WHO,Northern Europe,2014,46,11/10/2014,11/16/2014,,549,0,2,0,,3,5,0,0,1,1,6,,No Report
Sweden,European Region of WHO,Northern Europe,2014,47,11/17/2014,11/23/2014,,634,0,0,2,,2,4,0,0,0,0,4,,No Report
Sweden,European Region of WHO,Northern Europe,2014,48,11/24/2014,11/30/2014,,548,0,0,8,,0,8,0,0,3,3,11,,No Report
Sweden,European Region of WHO,Northern Europe,2014,49,12/1/2014,12/7/2014,,621,0,1,9,,0,10,0,0,2,2,12,,No Report
Sweden,European Region of WHO,Northern Europe,2014,50,12/8/2014,12/14/2014,,720,0,4,11,,5,20,1,0,5,6,26,,No Report
Sweden,European Region of WHO,Northern Europe,2014,51,12/15/2014,12/21/2014,,859,0,1,12,,16,29,1,0,11,12,41,,No Report
Sweden,European Region of WHO,Northern Europe,2014,52,12/22/2014,12/28/2014,,652,0,1,14,,26,41,0,0,7,7,48,,No Report
Sweden,European Region of WHO,Northern Europe,2015,1,12/29/2014,1/4/2015,,852,0,6,24,,55,85,0,2,18,20,105,,No Report
Sweden,European Region of WHO,Northern Europe,2015,2,1/5/2015,1/11/2015,,1013,0,12,25,,128,165,0,0,11,11,176,,No Report
Sweden,European Region of WHO,Northern Europe,2015,3,1/12/2015,1/18/2015,,1217,0,12,53,,162,227,4,0,25,29,256,,No Report
Sweden,European Region of WHO,Northern Europe,2015,4,1/19/2015,1/25/2015,,1177,0,13,46,,188,247,1,0,32,33,280,,No Report
Sweden,European Region of WHO,Northern Europe,2015,5,1/26/2015,2/1/2015,,1655,0,22,85,,273,380,2,0,60,62,442,,No Report
Sweden,European Region of WHO,Northern Europe,2015,6,2/2/2015,2/8/2015,,2059,0,37,134,,354,525,9,0,97,106,631,,No Report
Sweden,European Region of WHO,Northern Europe,2015,7,2/9/2015,2/15/2015,,2707,0,66,210,,521,797,12,0,169,181,978,,No Report
Sweden,European Region of WHO,Northern Europe,2015,8,2/16/2015,2/22/2015,,3210,0,85,236,,561,882,13,0,259,272,1154,,No Report
Sweden,European Region of WHO,Northern Europe,2015,9,2/23/2015,3/1/2015,,3166,0,77,221,,515,813,12,0,288,300,1113,,No Report
Sweden,European Region of WHO,Northern Europe,2015,10,3/2/2015,3/8/2015,,3043,0,67,249,,453,769,5,0,329,334,1103,,No Report
Sweden,European Region of WHO,Northern Europe,2015,11,3/9/2015,3/15/2015,,2744,0,70,192,,279,541,16,0,338,354,895,,No Report
Sweden,European Region of WHO,Northern Europe,2015,12,3/16/2015,3/22/2015,,2267,0,45,138,,130,313,12,0,317,329,642,,No Report
Sweden,European Region of WHO,Northern Europe,2015,13,3/23/2015,3/29/2015,,2224,0,49,102,,134,285,15,0,348,363,648,,No Report
Sweden,European Region of WHO,Northern Europe,2015,14,3/30/2015,4/5/2015,,1919,0,41,125,,64,230,7,0,375,382,612,,No Report
Sweden,European Region of WHO,Northern Europe,2015,15,4/6/2015,4/12/2015,,1814,0,31,110,,61,202,6,0,353,359,561,,No Report
Sweden,European Region of WHO,Northern Europe,2015,16,4/13/2015,4/19/2015,,1735,0,18,67,,25,110,4,0,234,238,348,,No Report
Sweden,European Region of WHO,Northern Europe,2015,17,4/20/2015,4/26/2015,,1337,0,9,57,,10,76,6,0,190,196,272,,No Report
Sweden,European Region of WHO,Northern Europe,2015,18,4/27/2015,5/3/2015,,958,0,11,38,,4,53,0,0,112,112,165,,No Report
Sweden,European Region of WHO,Northern Europe,2015,19,5/4/2015,5/10/2015,,897,0,5,32,,6,43,0,0,78,78,121,,No Report
Sweden,European Region of WHO,Northern Europe,2015,20,5/11/2015,5/17/2015,,647,0,0,5,,0,5,0,0,42,42,47,,No Report
Sweden,European Region of WHO,Northern Europe,2015,21,5/18/2015,5/24/2015,,0,0,0,0,,9,9,0,0,21,21,30,,No Report
Sweden,European Region of WHO,Northern Europe,2015,22,5/25/2015,5/31/2015,,0,0,1,0,,2,3,0,0,10,10,13,,No Report
Sweden,European Region of WHO,Northern Europe,2015,23,6/1/2015,6/7/2015,,0,0,0,0,,1,1,0,0,6,6,7,,No Report
Sweden,European Region of WHO,Northern Europe,2015,24,6/8/2015,6/14/2015,,0,0,0,0,,1,1,0,0,7,7,8,,No Report
Sweden,European Region of WHO,Northern Europe,2015,25,6/15/2015,6/21/2015,,0,0,0,0,,2,2,0,0,0,0,2,,No Report
Sweden,European Region of WHO,Northern Europe,2015,26,6/22/2015,6/28/2015,,0,0,0,0,,0,0,0,0,2,2,2,,No Report
Sweden,European Region of WHO,Northern Europe,2015,27,6/29/2015,7/5/2015,,0,0,0,0,,1,1,0,0,1,1,2,,No Report
Sweden,European Region of WHO,Northern Europe,2015,28,7/6/2015,7/12/2015,,0,0,0,0,,2,2,0,0,0,0,2,,No Report
Sweden,European Region of WHO,Northern Europe,2015,29,7/13/2015,7/19/2015,,0,0,0,0,,0,0,0,0,0,0,0,,No Report
Sweden,European Region of WHO,Northern Europe,2015,30,7/20/2015,7/26/2015,,0,0,0,0,,0,0,0,0,0,0,0,,No Report
Sweden,European Region of WHO,Northern Europe,2015,31,7/27/2015,8/2/2015,,0,0,0,0,,1,1,0,0,1,1,2,,No Report
Sweden,European Region of WHO,Northern Europe,2015,32,8/3/2015,8/9/2015,,0,0,2,0,,0,2,0,0,0,0,2,,No Report
Sweden,European Region of WHO,Northern Europe,2015,33,8/10/2015,8/16/2015,,0,0,0,0,,0,0,0,0,0,0,0,,No Report
Sweden,European Region of WHO,Northern Europe,2015,34,8/17/2015,8/23/2015,,0,0,0,0,,0,0,0,0,0,0,0,,No Report
Sweden,European Region of WHO,Northern Europe,2015,35,8/24/2015,8/30/2015,,0,0,1,0,,0,1,0,0,0,0,1,,No Report
Sweden,European Region of WHO,Northern Europe,2015,36,8/31/2015,9/6/2015,,0,0,1,0,,0,1,0,0,0,0,1,,No Report
Sweden,European Region of WHO,Northern Europe,2015,37,9/7/2015,9/13/2015,,,,,,,,,,,,,,,No Report
Sweden,European Region of WHO,Northern Europe,2015,38,9/14/2015,9/20/2015,,0,0,0,0,,0,0,0,0,0,0,0,,No Report
Sweden,European Region of WHO,Northern Europe,2015,39,9/21/2015,9/27/2015,,0,0,1,0,,0,1,0,0,0,0,1,,No Report
Sweden,European Region of WHO,Northern Europe,2015,40,9/28/2015,10/4/2015,,371,0,0,3,,1,4,0,0,0,0,4,,No Report
Sweden,European Region of WHO,Northern Europe,2015,41,10/5/2015,10/11/2015,,414,0,1,3,,2,6,0,0,2,2,8,,No Report
Sweden,European Region of WHO,Northern Europe,2015,42,10/12/2015,10/18/2015,,470,0,4,1,,1,6,0,0,0,0,6,,No Report
Sweden,European Region of WHO,Northern Europe,2015,43,10/19/2015,10/25/2015,,458,0,5,4,,0,9,0,0,0,0,9,,No Report
Sweden,European Region of WHO,Northern Europe,2015,44,10/26/2015,11/1/2015,,448,0,2,2,,0,4,0,0,0,0,4,,No Report
Sweden,European Region of WHO,Northern Europe,2015,45,11/2/2015,11/8/2015,,547,0,8,0,,3,11,0,0,0,0,11,,No Report
Sweden,European Region of WHO,Northern Europe,2015,46,11/9/2015,11/15/2015,,587,0,16,2,,3,21,0,0,2,2,23,,No Report
Sweden,European Region of WHO,Northern Europe,2015,47,11/16/2015,11/22/2015,,684,0,23,5,,13,41,1,0,3,4,45,,No Report
Sweden,European Region of WHO,Northern Europe,2015,48,11/23/2015,11/29/2015,,779,0,13,6,,30,49,0,0,0,0,49,,No Report
Sweden,European Region of WHO,Northern Europe,2015,49,11/30/2015,12/6/2015,,917,0,22,4,,65,91,0,0,1,1,92,,No Report
Sweden,European Region of WHO,Northern Europe,2015,50,12/7/2015,12/13/2015,,1072,0,27,9,,88,124,0,2,2,4,128,,No Report
Sweden,European Region of WHO,Northern Europe,2015,51,12/14/2015,12/20/2015,,1204,0,42,2,,139,183,0,0,3,3,186,,No Report
Sweden,European Region of WHO,Northern Europe,2015,52,12/21/2015,12/27/2015,,1287,0,100,5,,166,271,0,0,2,2,273,,No Report
Sweden,European Region of WHO,Northern Europe,2015,53,12/28/2015,1/3/2016,,1585,0,101,3,,166,270,0,2,8,10,280,,No Report
Sweden,European Region of WHO,Northern Europe,2016,1,1/4/2016,1/10/2016,,1733,0,57,4,,207,268,2,0,10,12,280,,No Report
Sweden,European Region of WHO,Northern Europe,2016,2,1/11/2016,1/17/2016,,1790,0,66,4,,195,265,0,0,14,14,279,,No Report
Sweden,European Region of WHO,Northern Europe,2016,3,1/18/2016,1/24/2016,,1842,0,112,0,,327,439,0,1,22,23,462,,No Report
Sweden,European Region of WHO,Northern Europe,2016,4,1/25/2016,1/31/2016,,2332,0,209,4,,512,725,1,4,38,43,768,,No Report
Sweden,European Region of WHO,Northern Europe,2016,5,2/1/2016,2/7/2016,,3017,0,280,5,,609,894,0,14,42,56,950,,No Report
Sweden,European Region of WHO,Northern Europe,2016,6,2/8/2016,2/14/2016,,3223,0,300,8,,624,932,0,8,96,104,1036,,No Report
Sweden,European Region of WHO,Northern Europe,2016,7,2/15/2016,2/21/2016,,3312,0,239,10,,483,732,0,15,103,118,850,,No Report
Sweden,European Region of WHO,Northern Europe,2016,8,2/22/2016,2/28/2016,,3217,0,205,10,,309,524,0,20,169,189,713,,No Report
Sweden,European Region of WHO,Northern Europe,2016,9,2/29/2016,3/6/2016,,2927,0,132,4,,247,383,2,14,240,256,639,,No Report
Sweden,European Region of WHO,Northern Europe,2016,10,3/7/2016,3/13/2016,,2441,0,75,6,,167,248,2,10,267,279,527,,No Report
Sweden,European Region of WHO,Northern Europe,2016,11,3/14/2016,3/20/2016,,2078,0,3,0,,147,150,0,8,282,290,440,,No Report
Sweden,European Region of WHO,Northern Europe,2016,12,3/21/2016,3/27/2016,,1940,0,1,0,,111,112,1,8,291,300,412,,No Report
Sweden,European Region of WHO,Northern Europe,2016,13,3/28/2016,4/3/2016,,1772,0,1,0,,78,79,2,3,252,257,336,,No Report
Sweden,European Region of WHO,Northern Europe,2016,14,4/4/2016,4/10/2016,,1499,0,1,0,,43,44,0,2,179,181,225,,No Report
Sweden,European Region of WHO,Northern Europe,2016,15,4/11/2016,4/17/2016,,1251,0,0,0,,15,15,0,0,116,116,131,,No Report
Sweden,European Region of WHO,Northern Europe,2016,16,4/18/2016,4/24/2016,,1122,0,0,0,,15,15,0,2,73,75,90,,No Report
Sweden,European Region of WHO,Northern Europe,2016,17,4/25/2016,5/1/2016,,975,0,0,0,,5,5,0,0,54,54,59,,No Report
Sweden,European Region of WHO,Northern Europe,2016,18,5/2/2016,5/8/2016,,670,0,0,0,,12,12,1,1,48,50,62,,No Report
Sweden,European Region of WHO,Northern Europe,2016,19,5/9/2016,5/15/2016,,681,0,0,0,,6,6,0,0,32,32,38,,No Report
Sweden,European Region of WHO,Northern Europe,2016,20,5/16/2016,5/22/2016,,591,0,0,0,,3,3,0,0,30,30,33,,No Report
Sweden,European Region of WHO,Northern Europe,2016,21,5/23/2016,5/29/2016,,0,0,0,0,,3,3,0,0,12,12,15,,No Report
Sweden,European Region of WHO,Northern Europe,2016,22,5/30/2016,6/5/2016,,0,0,0,0,,0,0,0,0,7,7,7,,No Report
Sweden,European Region of WHO,Northern Europe,2016,23,6/6/2016,6/12/2016,,0,0,0,0,,4,4,0,0,1,1,5,,No Report
Sweden,European Region of WHO,Northern Europe,2016,24,6/13/2016,6/19/2016,,0,0,0,0,,1,1,0,0,3,3,4,,No Report
Sweden,European Region of WHO,Northern Europe,2016,25,6/20/2016,6/26/2016,,0,0,0,0,,1,1,0,0,0,0,1,,No Report
Sweden,European Region of WHO,Northern Europe,2016,26,6/27/2016,7/3/2016,,0,0,0,0,,0,0,0,0,0,0,0,,No Report
Sweden,European Region of WHO,Northern Europe,2016,27,7/4/2016,7/10/2016,,0,0,0,0,,1,1,0,0,0,0,1,,No Report
Sweden,European Region of WHO,Northern Europe,2016,28,7/11/2016,7/17/2016,,0,0,0,0,,2,2,0,0,0,0,2,,No Report
Sweden,European Region of WHO,Northern Europe,2016,29,7/18/2016,7/24/2016,,0,0,0,0,,3,3,0,0,0,0,3,,No Report
Sweden,European Region of WHO,Northern Europe,2016,30,7/25/2016,7/31/2016,,0,0,0,0,,0,0,0,0,0,0,0,,No Report
Sweden,European Region of WHO,Northern Europe,2016,31,8/1/2016,8/7/2016,,0,0,0,0,,0,0,0,0,0,0,0,,No Report
Sweden,European Region of WHO,Northern Europe,2016,32,8/8/2016,8/14/2016,,0,0,0,0,,1,1,0,0,0,0,1,,No Report
Sweden,European Region of WHO,Northern Europe,2016,33,8/15/2016,8/21/2016,,0,0,0,0,,0,0,0,0,2,2,2,,No Report
Sweden,European Region of WHO,Northern Europe,2016,34,8/22/2016,8/28/2016,,0,0,0,0,,1,1,0,0,2,2,3,,No Report
Sweden,European Region of WHO,Northern Europe,2016,35,8/29/2016,9/4/2016,,0,0,0,0,,4,4,0,0,0,0,4,,No Report
Sweden,European Region of WHO,Northern Europe,2016,36,9/5/2016,9/11/2016,,0,0,0,0,,6,6,0,0,1,1,7,,No Report
Sweden,European Region of WHO,Northern Europe,2016,37,9/12/2016,9/18/2016,,0,0,0,0,,2,2,0,0,0,0,2,,No Report
Sweden,European Region of WHO,Northern Europe,2016,38,9/19/2016,9/25/2016,,0,0,0,0,,2,2,0,0,0,0,2,,No Report
Sweden,European Region of WHO,Northern Europe,2016,39,9/26/2016,10/2/2016,,0,0,0,0,,5,5,0,0,0,0,5,,No Report
Sweden,European Region of WHO,Northern Europe,2016,40,10/3/2016,10/9/2016,,543,0,0,0,,13,13,0,0,0,0,13,,No Report
Sweden,European Region of WHO,Northern Europe,2016,41,10/10/2016,10/16/2016,,598,0,0,0,,6,6,0,0,1,1,7,,No Report
Sweden,European Region of WHO,Northern Europe,2016,42,10/17/2016,10/23/2016,,695,0,0,1,,4,5,0,0,0,0,5,,No Report
Sweden,European Region of WHO,Northern Europe,2016,43,10/24/2016,10/30/2016,,703,0,0,0,,4,4,0,0,0,0,4,,No Report
Sweden,European Region of WHO,Northern Europe,2016,44,10/31/2016,11/6/2016,,641,0,0,1,,7,8,0,0,1,1,9,,No Report
Sweden,European Region of WHO,Northern Europe,2016,45,11/7/2016,11/13/2016,,813,0,0,0,,35,35,0,0,4,4,39,,No Report
Sweden,European Region of WHO,Northern Europe,2016,46,11/14/2016,11/20/2016,,946,0,0,1,,60,61,0,0,2,2,63,,No Report
Sweden,European Region of WHO,Northern Europe,2016,47,11/21/2016,11/27/2016,,1198,0,0,1,,102,103,0,0,0,0,103,,No Report
Sweden,European Region of WHO,Northern Europe,2016,48,11/28/2016,12/4/2016,,1357,0,0,5,,176,181,0,0,2,2,183,,No Report
Sweden,European Region of WHO,Northern Europe,2016,49,12/5/2016,12/11/2016,,1870,0,0,3,,348,351,0,0,4,4,355,,No Report
Sweden,European Region of WHO,Northern Europe,2016,50,12/12/2016,12/18/2016,,2427,0,0,7,,531,538,0,0,5,5,543,,No Report
Sweden,European Region of WHO,Northern Europe,2016,51,12/19/2016,12/25/2016,,3502,0,0,15,,1050,1065,0,1,6,7,1072,,No Report
Sweden,European Region of WHO,Northern Europe,2016,52,12/26/2016,1/1/2017,,4034,0,0,24,,1339,1363,0,0,6,6,1369,,No Report
Sweden,European Region of WHO,Northern Europe,2017,1,1/2/2017,1/8/2017,,4016,0,0,15,,921,936,0,0,8,8,944,,No Report
Sweden,European Region of WHO,Northern Europe,2017,2,1/9/2017,1/15/2017,,3821,0,0,12,,747,759,0,0,5,5,764,,No Report
Sweden,European Region of WHO,Northern Europe,2017,3,1/16/2017,1/22/2017,,3152,0,0,8,,610,618,0,0,10,10,628,,No Report
Sweden,European Region of WHO,Northern Europe,2017,4,1/23/2017,1/29/2017,,2955,0,0,11,,639,650,0,0,7,7,657,,No Report
Sweden,European Region of WHO,Northern Europe,2017,5,1/30/2017,2/5/2017,,3173,0,0,8,,752,760,0,0,10,10,770,,No Report
Sweden,European Region of WHO,Northern Europe,2017,6,2/6/2017,2/12/2017,,3374,0,2,11,,835,848,0,0,13,13,861,,No Report
Sweden,European Region of WHO,Northern Europe,2017,7,2/13/2017,2/19/2017,,3447,0,0,14,,899,913,0,0,9,9,922,,No Report
Sweden,European Region of WHO,Northern Europe,2017,8,2/20/2017,2/26/2017,,3792,0,0,12,,915,927,0,0,19,19,946,,No Report
Sweden,European Region of WHO,Northern Europe,2017,9,2/27/2017,3/5/2017,,3429,0,0,9,,682,691,0,0,23,23,714,,No Report
Sweden,European Region of WHO,Northern Europe,2017,10,3/6/2017,3/12/2017,,3024,0,0,7,,452,459,1,0,25,26,485,,No Report
Sweden,European Region of WHO,Northern Europe,2017,11,3/13/2017,3/19/2017,,2564,0,0,4,,357,361,0,0,26,26,387,,No Report
Sweden,European Region of WHO,Northern Europe,2017,12,3/20/2017,3/26/2017,,2158,0,0,4,,263,267,0,0,35,35,302,,No Report
Sweden,European Region of WHO,Northern Europe,2017,13,3/27/2017,4/2/2017,,2097,0,0,0,,206,206,0,0,45,45,251,,No Report
Sweden,European Region of WHO,Northern Europe,2017,14,4/3/2017,4/9/2017,,1627,0,0,1,,157,158,0,0,60,60,218,,No Report
Sweden,European Region of WHO,Northern Europe,2017,15,4/10/2017,4/16/2017,,1459,0,0,0,,105,105,2,0,43,45,150,,No Report
Sweden,European Region of WHO,Northern Europe,2017,16,4/17/2017,4/23/2017,,1324,0,0,0,,59,59,0,0,44,44,103,,No Report
Sweden,European Region of WHO,Northern Europe,2017,17,4/24/2017,4/30/2017,,1344,0,0,0,,42,42,0,0,62,62,104,,No Report
Sweden,European Region of WHO,Northern Europe,2017,18,5/1/2017,5/7/2017,,1010,0,0,0,,24,24,0,0,68,68,92,,No Report
Sweden,European Region of WHO,Northern Europe,2017,19,5/8/2017,5/14/2017,,1020,0,0,0,,14,14,0,0,83,83,97,,No Report
Sweden,European Region of WHO,Northern Europe,2017,20,5/15/2017,5/21/2017,,881,0,0,0,,17,17,0,0,82,82,99,,No Report
Sweden,European Region of WHO,Northern Europe,2017,21,5/22/2017,5/28/2017,,0,0,0,0,,9,9,0,0,52,52,61,,No Report
Sweden,European Region of WHO,Northern Europe,2017,22,5/29/2017,6/4/2017,,0,0,0,0,,4,4,0,0,25,25,29,,No Report
Sweden,European Region of WHO,Northern Europe,2017,23,6/5/2017,6/11/2017,,0,0,0,0,,2,2,0,0,19,19,21,,No Report
Sweden,European Region of WHO,Northern Europe,2017,24,6/12/2017,6/18/2017,,0,0,0,0,,11,11,0,0,14,14,25,,No Report
Sweden,European Region of WHO,Northern Europe,2017,25,6/19/2017,6/25/2017,,0,0,0,0,,6,6,0,0,5,5,11,,No Report
Sweden,European Region of WHO,Northern Europe,2017,26,6/26/2017,7/2/2017,,0,0,0,0,,2,2,0,0,2,2,4,,No Report
Sweden,European Region of WHO,Northern Europe,2017,27,7/3/2017,7/9/2017,,0,0,0,0,,2,2,0,0,1,1,3,,No Report
Sweden,European Region of WHO,Northern Europe,2017,28,7/10/2017,7/16/2017,,0,0,0,0,,5,5,0,0,1,1,6,,No Report
Sweden,European Region of WHO,Northern Europe,2017,29,7/17/2017,7/23/2017,,0,0,0,0,,4,4,0,0,1,1,5,,No Report
Sweden,European Region of WHO,Northern Europe,2017,30,7/24/2017,7/30/2017,,0,0,0,0,,2,2,0,0,2,2,4,,No Report
Sweden,European Region of WHO,Northern Europe,2017,31,7/31/2017,8/6/2017,,0,0,0,0,,1,1,0,0,3,3,4,,No Report
Sweden,European Region of WHO,Northern Europe,2017,32,8/7/2017,8/13/2017,,0,0,0,0,,2,2,0,0,2,2,4,,No Report
Sweden,European Region of WHO,Northern Europe,2017,33,8/14/2017,8/20/2017,,0,0,0,0,,1,1,0,0,0,0,1,,No Report
Sweden,European Region of WHO,Northern Europe,2017,34,8/21/2017,8/27/2017,,0,0,0,0,,1,1,0,0,1,1,2,,No Report
Sweden,European Region of WHO,Northern Europe,2017,35,8/28/2017,9/3/2017,,0,0,0,0,,4,4,0,0,5,5,9,,No Report
Sweden,European Region of WHO,Northern Europe,2017,36,9/4/2017,9/10/2017,,0,0,0,0,,1,1,0,0,1,1,2,,No Report
Sweden,European Region of WHO,Northern Europe,2017,37,9/11/2017,9/17/2017,,0,0,0,0,,3,3,0,0,1,1,4,,No Report
Sweden,European Region of WHO,Northern Europe,2017,38,9/18/2017,9/24/2017,,0,0,0,0,,5,5,0,0,2,2,7,,No Report
Sweden,European Region of WHO,Northern Europe,2017,39,9/25/2017,10/1/2017,,0,0,0,0,,4,4,0,0,0,0,4,,No Report
Sweden,European Region of WHO,Northern Europe,2017,40,10/2/2017,10/8/2017,,652,0,0,0,,10,10,0,0,0,0,10,,No Report
Sweden,European Region of WHO,Northern Europe,2017,41,10/9/2017,10/15/2017,,782,0,0,0,,7,7,0,0,4,4,11,,No Report
Sweden,European Region of WHO,Northern Europe,2017,42,10/16/2017,10/22/2017,,761,0,0,0,,3,3,0,0,1,1,4,,No Report
Sweden,European Region of WHO,Northern Europe,2017,43,10/23/2017,10/29/2017,,790,0,0,0,,5,5,0,0,4,4,9,,No Report
Sweden,European Region of WHO,Northern Europe,2017,44,10/30/2017,11/5/2017,,909,0,0,0,,8,8,0,0,3,3,11,,No Report
Sweden,European Region of WHO,Northern Europe,2017,45,11/6/2017,11/12/2017,,1044,0,0,0,,23,23,2,0,2,4,27,,No Report
Sweden,European Region of WHO,Northern Europe,2017,46,11/13/2017,11/19/2017,,1091,0,0,0,,38,38,0,0,10,10,48,,No Report
Sweden,European Region of WHO,Northern Europe,2017,47,11/20/2017,11/26/2017,,1381,0,0,3,,48,51,1,0,20,21,72,,No Report
Sweden,European Region of WHO,Northern Europe,2017,48,11/27/2017,12/3/2017,,1460,0,1,1,,33,35,0,0,33,33,68,,No Report
Sweden,European Region of WHO,Northern Europe,2017,49,12/4/2017,12/10/2017,,1672,0,0,2,,48,50,3,0,70,73,123,,No Report
Sweden,European Region of WHO,Northern Europe,2017,50,12/11/2017,12/17/2017,,2064,0,1,4,,66,71,6,0,125,131,202,,No Report
Sweden,European Region of WHO,Northern Europe,2017,51,12/18/2017,12/24/2017,,2293,0,1,3,,125,129,14,0,212,226,355,,No Report
Sweden,European Region of WHO,Northern Europe,2017,52,12/25/2017,12/31/2017,,2913,0,0,0,,123,123,13,0,466,479,602,,No Report
Sweden,European Region of WHO,Northern Europe,2018,1,1/1/2018,1/7/2018,,3150,0,0,0,,107,107,16,0,536,552,659,,No Report
Sweden,European Region of WHO,Northern Europe,2018,2,1/8/2018,1/14/2018,,3124,0,0,3,,132,135,12,0,487,499,634,,No Report
Sweden,European Region of WHO,Northern Europe,2018,3,1/15/2018,1/21/2018,,3201,0,0,2,,156,158,22,0,578,600,758,,No Report
Sweden,European Region of WHO,Northern Europe,2018,4,1/22/2018,1/28/2018,,3594,0,2,1,,242,245,32,1,845,878,1123,,No Report
Sweden,European Region of WHO,Northern Europe,2018,5,1/29/2018,2/4/2018,,4419,0,3,5,,311,319,52,0,1155,1207,1526,,No Report
Sweden,European Region of WHO,Northern Europe,2018,6,2/5/2018,2/11/2018,,5140,0,1,7,,457,465,60,0,1433,1493,1958,,No Report
Sweden,European Region of WHO,Northern Europe,2018,7,2/12/2018,2/18/2018,,5649,0,0,5,,466,471,31,0,1693,1724,2195,,No Report
Sweden,European Region of WHO,Northern Europe,2018,8,2/19/2018,2/25/2018,,5759,0,3,4,,471,478,29,0,1471,1500,1978,,No Report
Sweden,European Region of WHO,Northern Europe,2018,9,2/26/2018,3/4/2018,,5551,0,2,4,,513,519,36,0,1229,1265,1784,,No Report
Sweden,European Region of WHO,Northern Europe,2018,10,3/5/2018,3/11/2018,,5393,0,1,6,,581,588,29,1,1007,1037,1625,,No Report
Sweden,European Region of WHO,Northern Europe,2018,11,3/12/2018,3/18/2018,,4941,0,3,11,,593,607,15,0,666,681,1288,,No Report
Sweden,European Region of WHO,Northern Europe,2018,12,3/19/2018,3/25/2018,,4252,0,2,8,,680,690,3,0,496,499,1189,,No Report
Sweden,European Region of WHO,Northern Europe,2018,13,3/26/2018,4/1/2018,,3756,0,0,4,,642,646,3,0,306,309,955,,No Report
Sweden,European Region of WHO,Northern Europe,2018,14,4/2/2018,4/8/2018,,3680,0,3,4,,585,592,0,0,208,208,800,,No Report
Sweden,European Region of WHO,Northern Europe,2018,15,4/9/2018,4/15/2018,,3030,0,2,2,,392,396,2,0,112,114,510,,No Report
Sweden,European Region of WHO,Northern Europe,2018,16,4/16/2018,4/22/2018,,2396,0,0,2,,271,273,0,0,58,58,331,,No Report
Sweden,European Region of WHO,Northern Europe,2018,17,4/23/2018,4/29/2018,,1918,0,0,0,,145,145,0,0,24,24,169,,No Report
Sweden,European Region of WHO,Northern Europe,2018,18,4/30/2018,5/6/2018,,1417,0,0,0,,68,68,0,0,18,18,86,,No Report
Sweden,European Region of WHO,Northern Europe,2018,19,5/7/2018,5/13/2018,,1072,0,0,0,,52,52,0,0,6,6,58,,No Report
Sweden,European Region of WHO,Northern Europe,2018,20,5/14/2018,5/20/2018,,979,0,0,0,,11,11,0,0,2,2,13,,No Report
Sweden,European Region of WHO,Northern Europe,2018,21,5/21/2018,5/27/2018,,0,0,0,0,,9,9,0,0,0,0,9,,No Report
Sweden,European Region of WHO,Northern Europe,2018,22,5/28/2018,6/3/2018,,0,0,0,0,,3,3,0,0,1,1,4,,No Report
Sweden,European Region of WHO,Northern Europe,2018,23,6/4/2018,6/10/2018,,0,0,0,0,,2,2,0,0,1,1,3,,No Report
Sweden,European Region of WHO,Northern Europe,2018,24,6/11/2018,6/17/2018,,0,0,0,0,,2,2,0,0,1,1,3,,No Report
Sweden,European Region of WHO,Northern Europe,2018,25,6/18/2018,6/24/2018,,0,0,0,0,,3,3,0,0,1,1,4,,No Report
Sweden,European Region of WHO,Northern Europe,2018,26,6/25/2018,7/1/2018,,0,0,0,0,,2,2,0,0,3,3,5,,No Report
Sweden,European Region of WHO,Northern Europe,2018,27,7/2/2018,7/8/2018,,0,0,0,0,,2,2,0,0,0,0,2,,No Report
Sweden,European Region of WHO,Northern Europe,2018,28,7/9/2018,7/15/2018,,0,0,0,0,,2,2,0,0,0,0,2,,No Report
Sweden,European Region of WHO,Northern Europe,2018,29,7/16/2018,7/22/2018,,0,0,0,0,,0,0,0,0,1,1,1,,No Report
Sweden,European Region of WHO,Northern Europe,2018,30,7/23/2018,7/29/2018,,0,0,0,0,,1,1,0,0,2,2,3,,No Report
Sweden,European Region of WHO,Northern Europe,2018,31,7/30/2018,8/5/2018,,0,0,0,0,,2,2,0,0,0,0,2,,No Report
Sweden,European Region of WHO,Northern Europe,2018,32,8/6/2018,8/12/2018,,0,0,0,0,,2,2,0,0,0,0,2,,No Report
Sweden,European Region of WHO,Northern Europe,2018,33,8/13/2018,8/19/2018,,0,0,0,0,,4,4,0,0,0,0,4,,No Report
Sweden,European Region of WHO,Northern Europe,2018,34,8/20/2018,8/26/2018,,0,0,0,0,,0,0,0,0,0,0,0,,No Report
Sweden,European Region of WHO,Northern Europe,2018,35,8/27/2018,9/2/2018,,0,0,0,0,,2,2,0,0,0,0,2,,No Report
Sweden,European Region of WHO,Northern Europe,2018,36,9/3/2018,9/9/2018,,0,0,0,0,,6,6,0,0,3,3,9,,No Report
Sweden,European Region of WHO,Northern Europe,2018,37,9/10/2018,9/16/2018,,0,0,0,0,,1,1,0,0,1,1,2,,No Report
Sweden,European Region of WHO,Northern Europe,2018,38,9/17/2018,9/23/2018,,0,0,0,0,,1,1,0,0,0,0,1,,No Report
Sweden,European Region of WHO,Northern Europe,2018,39,9/24/2018,9/30/2018,,0,0,0,0,,1,1,0,0,0,0,1,,No Report
Sweden,European Region of WHO,Northern Europe,2018,40,10/1/2018,10/7/2018,,627,0,0,0,,5,5,0,0,0,0,5,,No Report
Sweden,European Region of WHO,Northern Europe,2018,41,10/8/2018,10/14/2018,,701,0,0,0,,4,4,0,0,3,3,7,,No Report
Sweden,European Region of WHO,Northern Europe,2018,42,10/15/2018,10/21/2018,,743,0,0,0,,7,7,0,0,1,1,8,,No Report
Sweden,European Region of WHO,Northern Europe,2018,43,10/22/2018,10/28/2018,,765,0,0,0,,5,5,0,0,0,0,5,,No Report
Sweden,European Region of WHO,Northern Europe,2018,44,10/29/2018,11/4/2018,,892,0,2,0,,4,6,0,0,1,1,7,,No Report
Sweden,European Region of WHO,Northern Europe,2018,45,11/5/2018,11/11/2018,,1022,0,1,0,,10,11,0,1,2,3,14,,No Report
Sweden,European Region of WHO,Northern Europe,2018,46,11/12/2018,11/18/2018,,1180,0,0,0,,16,16,0,0,0,0,16,,No Report
Sweden,European Region of WHO,Northern Europe,2018,47,11/19/2018,11/25/2018,,1348,0,1,0,,14,15,0,0,4,4,19,,No Report
Sweden,European Region of WHO,Northern Europe,2018,48,11/26/2018,12/2/2018,,1599,0,0,0,,48,48,0,0,2,2,50,,No Report
Sweden,European Region of WHO,Northern Europe,2018,49,12/3/2018,12/9/2018,,1846,0,6,0,,108,114,0,0,1,1,115,,No Report
Sweden,European Region of WHO,Northern Europe,2018,50,12/10/2018,12/16/2018,,2103,0,14,2,,229,245,0,0,1,1,246,,No Report
Sweden,European Region of WHO,Northern Europe,2018,51,12/17/2018,12/23/2018,,2837,0,15,4,,422,441,0,0,1,1,442,,No Report
Sweden,European Region of WHO,Northern Europe,2018,52,12/24/2018,12/30/2018,,3008,0,5,1,,769,775,0,0,0,0,775,,No Report
Sweden,European Region of WHO,Northern Europe,2019,1,12/31/2018,1/6/2019,,3704,0,12,2,,796,810,0,0,1,1,811,,No Report
Sweden,European Region of WHO,Northern Europe,2019,2,1/7/2019,1/13/2019,,3960,0,26,3,,713,742,0,0,2,2,744,,No Report
Sweden,European Region of WHO,Northern Europe,2019,3,1/14/2019,1/20/2019,,3681,0,23,9,,703,735,0,0,1,1,736,,No Report
Sweden,European Region of WHO,Northern Europe,2019,4,1/21/2019,1/27/2019,,3765,0,26,4,,884,914,0,0,1,1,915,,No Report
Sweden,European Region of WHO,Northern Europe,2019,5,1/28/2019,2/3/2019,,4436,0,28,3,,1164,1195,0,0,9,9,1204,,No Report
Sweden,European Region of WHO,Northern Europe,2019,6,2/4/2019,2/10/2019,,4946,0,28,7,,1291,1326,0,0,6,6,1332,,No Report
Sweden,European Region of WHO,Northern Europe,2019,7,2/11/2019,2/17/2019,,4979,0,30,10,,1192,1232,0,0,9,9,1241,,No Report
Sweden,European Region of WHO,Northern Europe,2019,8,2/18/2019,2/24/2019,,4614,0,25,8,,960,993,0,0,2,2,995,,No Report
Sweden,European Region of WHO,Northern Europe,2019,9,2/25/2019,3/3/2019,,4295,0,26,9,,729,764,0,0,3,3,767,,No Report
Sweden,European Region of WHO,Northern Europe,2019,10,3/4/2019,3/10/2019,,3765,0,3,7,,572,582,0,0,7,7,589,,No Report
Sweden,European Region of WHO,Northern Europe,2019,11,3/11/2019,3/17/2019,,3459,0,1,2,,509,512,0,0,5,5,517,,No Report
Sweden,European Region of WHO,Northern Europe,2019,12,3/18/2019,3/24/2019,,3017,0,2,4,,468,474,0,0,2,2,476,,No Report
Sweden,European Region of WHO,Northern Europe,2019,13,3/25/2019,3/31/2019,,2764,0,3,2,,386,391,0,0,3,3,394,,No Report
Sweden,European Region of WHO,Northern Europe,2019,14,4/1/2019,4/7/2019,,2696,0,0,5,,371,376,0,0,4,4,380,,No Report
Sweden,European Region of WHO,Northern Europe,2019,15,4/8/2019,4/14/2019,,2557,0,0,5,,364,369,0,0,4,4,373,,No Report
Sweden,European Region of WHO,Northern Europe,2019,16,4/15/2019,4/21/2019,,2341,0,0,1,,325,326,0,0,2,2,328,,No Report
Sweden,European Region of WHO,Northern Europe,2019,17,4/22/2019,4/28/2019,,2187,0,0,1,,295,296,0,1,9,10,306,,No Report
Sweden,European Region of WHO,Northern Europe,2019,18,4/29/2019,5/5/2019,,1793,0,0,0,,154,154,0,0,0,0,154,,No Report
Sweden,European Region of WHO,Northern Europe,2019,19,5/6/2019,5/12/2019,,1512,0,0,1,,86,87,0,0,4,4,91,,No Report
Sweden,European Region of WHO,Northern Europe,2019,20,5/13/2019,5/19/2019,,1335,0,0,0,,73,73,0,0,4,4,77,,No Report
Sweden,European Region of WHO,Northern Europe,2019,21,5/20/2019,5/26/2019,,0,0,0,0,,57,57,0,0,3,3,60,,No Report
Sweden,European Region of WHO,Northern Europe,2019,22,5/27/2019,6/2/2019,,0,0,0,0,,27,27,0,0,3,3,30,,No Report
Sweden,European Region of WHO,Northern Europe,2019,23,6/3/2019,6/9/2019,,0,0,0,0,,16,16,0,0,3,3,19,,No Report
Sweden,European Region of WHO,Northern Europe,2019,24,6/10/2019,6/16/2019,,0,0,0,0,,11,11,0,0,2,2,13,,No Report
Sweden,European Region of WHO,Northern Europe,2019,25,6/17/2019,6/23/2019,,0,0,0,0,,2,2,0,0,2,2,4,,No Report
Sweden,European Region of WHO,Northern Europe,2019,26,6/24/2019,6/30/2019,,0,0,0,0,,3,3,0,0,0,0,3,,No Report
Sweden,European Region of WHO,Northern Europe,2019,27,7/1/2019,7/7/2019,,0,0,0,0,,2,2,0,0,0,0,2,,No Report
Sweden,European Region of WHO,Northern Europe,2019,28,7/8/2019,7/14/2019,,0,0,0,0,,1,1,0,0,0,0,1,,No Report
Sweden,European Region of WHO,Northern Europe,2019,29,7/15/2019,7/21/2019,,0,0,0,0,,1,1,0,0,3,3,4,,No Report
Sweden,European Region of WHO,Northern Europe,2019,30,7/22/2019,7/28/2019,,0,0,0,0,,6,6,0,0,0,0,6,,No Report
Sweden,European Region of WHO,Northern Europe,2019,31,7/29/2019,8/4/2019,,0,0,0,0,,4,4,0,0,1,1,5,,No Report
Sweden,European Region of WHO,Northern Europe,2019,32,8/5/2019,8/11/2019,,0,0,0,0,,1,1,0,0,0,0,1,,No Report
Sweden,European Region of WHO,Northern Europe,2019,33,8/12/2019,8/18/2019,,0,0,0,0,,4,4,0,0,0,0,4,,No Report
Sweden,European Region of WHO,Northern Europe,2019,34,8/19/2019,8/25/2019,,0,0,0,0,,10,10,0,0,3,3,13,,No Report
Sweden,European Region of WHO,Northern Europe,2019,35,8/26/2019,9/1/2019,,0,0,0,0,,8,8,0,0,3,3,11,,No Report
Sweden,European Region of WHO,Northern Europe,2019,36,9/2/2019,9/8/2019,,0,0,0,0,,3,3,0,0,1,1,4,,No Report
Sweden,European Region of WHO,Northern Europe,2019,37,9/9/2019,9/15/2019,,0,0,0,0,,3,3,0,0,1,1,4,,No Report
Sweden,European Region of WHO,Northern Europe,2019,38,9/16/2019,9/22/2019,,0,0,0,0,,2,2,0,0,1,1,3,,No Report
Sweden,European Region of WHO,Northern Europe,2019,39,9/23/2019,9/29/2019,,0,0,0,0,,2,2,0,0,0,0,2,,No Report
Sweden,European Region of WHO,Northern Europe,2019,40,9/30/2019,10/6/2019,,665,0,0,1,,0,1,0,1,0,1,2,,No Report
Sweden,European Region of WHO,Northern Europe,2019,41,10/7/2019,10/13/2019,,719,0,0,3,,1,4,0,0,0,0,4,,No Report
Sweden,European Region of WHO,Northern Europe,2019,42,10/14/2019,10/20/2019,,725,0,1,2,,4,7,0,0,1,1,8,,No Report
Sweden,European Region of WHO,Northern Europe,2019,43,10/21/2019,10/27/2019,,853,0,1,2,,2,5,0,1,1,2,7,,No Report
Sweden,European Region of WHO,Northern Europe,2019,44,10/28/2019,11/3/2019,,910,0,6,2,,6,14,0,0,0,0,14,,No Report
Sweden,European Region of WHO,Northern Europe,2019,45,11/4/2019,11/10/2019,,1045,0,5,5,,10,20,0,4,1,5,25,,No Report
Sweden,European Region of WHO,Northern Europe,2019,46,11/11/2019,11/17/2019,,1228,0,24,2,,21,47,0,1,2,3,50,,No Report
Sweden,European Region of WHO,Northern Europe,2019,47,11/18/2019,11/24/2019,,1382,0,8,3,,44,55,0,6,4,10,65,,No Report
Sweden,European Region of WHO,Northern Europe,2019,48,11/25/2019,12/1/2019,,1588,0,8,5,,53,66,0,2,9,11,77,,No Report
Sweden,European Region of WHO,Northern Europe,2019,49,12/2/2019,12/8/2019,,1896,0,6,12,,104,122,0,2,14,16,138,,No Report
Sweden,European Region of WHO,Northern Europe,2019,50,12/9/2019,12/15/2019,,2227,0,13,14,,142,169,0,4,25,29,198,,No Report
Sweden,European Region of WHO,Northern Europe,2019,51,12/16/2019,12/22/2019,,2587,0,21,20,,198,239,0,7,51,58,297,,No Report
Sweden,European Region of WHO,Northern Europe,2019,52,12/23/2019,12/29/2019,,2410,0,18,17,,231,266,0,4,49,53,319,,No Report
Sweden,European Region of WHO,Northern Europe,2020,1,12/30/2019,1/5/2020,,2680,0,17,36,,276,329,0,11,75,86,415,,No Report
Sweden,European Region of WHO,Northern Europe,2020,2,1/6/2020,1/12/2020,,2795,0,22,22,,242,286,0,17,85,102,388,,No Report
Sweden,European Region of WHO,Northern Europe,2020,3,1/13/2020,1/19/2020,,2522,0,19,17,,179,215,0,11,85,96,311,,No Report
Sweden,European Region of WHO,Northern Europe,2020,4,1/20/2020,1/26/2020,,2625,0,11,25,,208,244,0,21,118,139,383,,No Report
Sweden,European Region of WHO,Northern Europe,2020,5,1/27/2020,2/2/2020,,2748,0,37,21,,250,308,0,20,188,208,516,,No Report
Sweden,European Region of WHO,Northern Europe,2020,6,2/3/2020,2/9/2020,,2867,0,21,34,,290,345,0,40,241,281,626,,No Report
Sweden,European Region of WHO,Northern Europe,2020,7,2/10/2020,2/16/2020,,3097,0,25,44,,374,443,0,23,275,298,741,,No Report
Sweden,European Region of WHO,Northern Europe,2020,8,2/17/2020,2/23/2020,,3235,0,22,50,,386,458,0,31,250,281,739,,No Report
Sweden,European Region of WHO,Northern Europe,2020,9,2/24/2020,3/1/2020,,3549,0,23,65,,438,526,0,26,302,328,854,,No Report
Sweden,European Region of WHO,Northern Europe,2020,10,3/2/2020,3/8/2020,,4108,0,22,44,,524,590,0,9,306,315,905,,No Report
Sweden,European Region of WHO,Northern Europe,2020,11,3/9/2020,3/15/2020,,4483,0,27,54,,431,512,0,24,238,262,774,,No Report
Sweden,European Region of WHO,Northern Europe,2020,12,3/16/2020,3/22/2020,,4970,0,9,29,,203,241,0,6,117,123,364,,No Report
Sweden,European Region of WHO,Northern Europe,2020,13,3/23/2020,3/29/2020,,4863,0,9,3,,70,82,0,4,48,52,134,,No Report
Sweden,European Region of WHO,Northern Europe,2020,14,3/30/2020,4/5/2020,,4144,0,2,3,,10,15,0,4,22,26,41,,No Report
Sweden,European Region of WHO,Northern Europe,2020,15,4/6/2020,4/12/2020,,3208,0,0,1,,1,2,0,0,9,9,11,,No Report
